{
  "table": "age_sex",
  "source_id": "wpp",
  "year": 2024,
  "data": {
    "FRA": {
      "shares": {
        "a00_04|F": 0.02435,
        "a00_04|M": 0.02565,
        "a05_14|F": 0.056005,
        "a05_14|M": 0.058995,
        "a15_19|F": 0.02922,
        "a15_19|M": 0.03078,
        "a20_34|F": 0.0891,
        "a20_34|M": 0.0909,
        "a35_49|F": 0.09287,
        "a35_49|M": 0.09213,
        "a50_64|F": 0.09785,
        "a50_64|M": 0.09215,
        "a65_79|F": 0.0777,
        "a65_79|M": 0.0623,
        "a80p|F": 0.0504,
        "a80p|M": 0.0296
      },
      "coverage": "national"
    },
    "AUT": {
      "shares": {
        "a00_04|F": 0.021915,
        "a00_04|M": 0.023085,
        "a05_14|F": 0.0487,
        "a05_14|M": 0.0513,
        "a15_19|F": 0.026785,
        "a15_19|M": 0.028215,
        "a20_34|F": 0.091575,
        "a20_34|M": 0.093425,
        "a35_49|F": 0.1004,
        "a35_49|M": 0.0996,
        "a50_64|F": 0.103,
        "a50_64|M": 0.097,
        "a65_79|F": 0.080475,
        "a65_79|M": 0.064525,
        "a80p|F": 0.0441,
        "a80p|M": 0.0259
      },
      "coverage": "national"
    },
    "USA": {
      "shares": {
        "a00_04|F": 0.026785,
        "a00_04|M": 0.028215,
        "a05_14|F": 0.05844,
        "a05_14|M": 0.06156,
        "a15_19|F": 0.031655,
        "a15_19|M": 0.033345,
        "a20_34|F": 0.099,
        "a20_34|M": 0.101,
        "a35_49|F": 0.09538,
        "a35_49|M": 0.09462,
        "a50_64|F": 0.09785,
        "a50_64|M": 0.09215,
        "a65_79|F": 0.07215,
        "a65_79|M": 0.05785,
        "a80p|F": 0.0315,
        "a80p|M": 0.0185
      },
      "coverage": "national"
    },
    "BRA": {
      "shares": {
        "a00_04|F": 0.02922,
        "a00_04|M": 0.03078,
        "a05_14|F": 0.06818,
        "a05_14|M": 0.07182,
        "a15_19|F": 0.03896,
        "a15_19|M": 0.04104,
        "a20_34|F": 0.1188,
        "a20_34|M": 0.1212,
        "a35_49|F": 0.10542,
        "a35_49|M": 0.10458,
        "a50_64|F": 0.0824,
        "a50_64|M": 0.0776,
        "a65_79|F": 0.0444,
        "a65_79|M": 0.0356,
        "a80p|F": 0.0189,
        "a80p|M": 0.0111
      },
      "coverage": "national"
    },
    "IND": {
      "shares": {
        "a00_04|F": 0.03696,
        "a00_04|M": 0.04304,
        "a05_14|F": 0.07854,
        "a05_14|M": 0.09146,
        "a15_19|F": 0.04158,
        "a15_19|M": 0.04842,
        "a20_34|F": 0.1222,
        "a20_34|M": 0.1378,
        "a35_49|F": 0.0954,
        "a35_49|M": 0.1046,
        "a50_64|F": 0.0588,
        "a50_64|M": 0.0612,
        "a65_79|F": 0.0318,
        "a65_79|M": 0.0282,
        "a80p|F": 0.0121,
        "a80p|M": 0.0079
      },
      "coverage": "national"
    },
    "CHN": {
      "shares": {
        "a00_04|F": 0.02285,
        "a00_04|M": 0.02715,
        "a05_14|F": 0.05027,
        "a05_14|M": 0.05973,
        "a15_19|F": 0.02742,
        "a15_19|M": 0.03258,
        "a20_34|F": 0.09765,
        "a20_34|M": 0.11235,
        "a35_49|F": 0.10384,
        "a35_49|M": 0.11616,
        "a50_64|F": 0.097,
        "a50_64|M": 0.103,
        "a65_79|F": 0.05775,
        "a65_79|M": 0.05225,
        "a80p|F": 0.024,
        "a80p|M": 0.016
      },
      "coverage": "national"
    },
    "NER": {
      "shares": {
        "a00_04|F": 0.08766,
        "a00_04|M": 0.09234,
        "a05_14|F": 0.1461,
        "a05_14|M": 0.1539,
        "a15_19|F": 0.05357,
        "a15_19|M": 0.05643,
        "a20_34|F": 0.1089,
        "a20_34|M": 0.1111,
        "a35_49|F": 0.05522,
        "a35_49|M": 0.05478,
        "a50_64|F": 0.028325,
        "a50_64|M": 0.026675,
        "a65_79|F": 0.0111,
        "a65_79|M": 0.0089,
        "a80p|F": 0.00315,
        "a80p|M": 0.00185
      },
      "coverage": "national"
    }
  }
}