{
  "table": "age_sex",
  "source_id": "wpp",
  "year": 2024,
  "data": {
    "FRA": {
      "shares": {
        "a00_04|F": 0.02435,
        "a00_04|M": 0.02565,
        "a05_14|F": 0.056005,
        "a05_14|M": 0.058995,
        "a15_19|F": 0.02922,
        "a15_19|M": 0.03078,
        "a20_34|F": 0.0891,
        "a20_34|M": 0.0909,
        "a35_49|F": 0.09287,
        "a35_49|M": 0.09213,
        "a50_64|F": 0.09785,
        "a50_64|M": 0.09215,
        "a65_79|F": 0.0777,
        "a65_79|M": 0.0623,
        "a80p|F": 0.0504,
        "a80p|M": 0.0296
      },
      "coverage": "national"
    },
    "AUT": {
      "shares": {
        "a00_04|F": 0.021915,
        "a00_04|M": 0.023085,
        "a05_14|F": 0.0487,
        "a05_14|M": 0.0513,
        "a15_19|F": 0.026785,
        "a15_19|M": 0.028215,
        "a20_34|F": 0.091575,
        "a20_34|M": 0.093425,
        "a35_49|F": 0.1004,
        "a35_49|M": 0.0996,
        "a50_64|F": 0.103,
        "a50_64|M": 0.097,
        "a65_79|F": 0.080475,
        "a65_79|M": 0.064525,
        "a80p|F": 0.0441,
        "a80p|M": 0.0259
      },
      "coverage": "national"
    },
    "USA": {
      "shares": {
        "a00_04|F": 0.0262239365520968,
        "a00_04|M": 0.02747523434275059,
        "a05_14|F": 0.05816570042598671,
        "a05_14|M": 0.06138089981389237,
        "a15_19|F": 0.0319627695216592,
        "a15_19|M": 0.0339496649797708,
        "a20_34|F": 0.09735476571751345,
        "a20_34|M": 0.10408225529316663,
        "a35_49|F": 0.09559907650090155,
        "a35_49|M": 0.10110074741312375,
        "a50_64|F": 0.09116648188490671,
        "a50_64|M": 0.0922511668303516,
        "a65_79|F": 0.07292899731940347,
        "a65_79|M": 0.06565761381776569,
        "a80p|F": 0.024171588883755906,
        "a80p|M": 0.016529100702954796
      },
      "coverage": "national"
    },
    "BRA": {
      "shares": {
        "a00_04|F": 0.030252827133496616,
        "a00_04|M": 0.0315192790902214,
        "a05_14|F": 0.06608384763280027,
        "a05_14|M": 0.06879544143333761,
        "a15_19|F": 0.034440402608947825,
        "a15_19|M": 0.03573341134895502,
        "a20_34|F": 0.11284326275658269,
        "a20_34|M": 0.1144317970790812,
        "a35_49|F": 0.114767120100392,
        "a35_49|M": 0.11190005826784669,
        "a50_64|F": 0.08772061652662021,
        "a50_64|M": 0.08102009481979187,
        "a65_79|F": 0.04999055017197357,
        "a65_79|M": 0.04086633755406469,
        "a80p|F": 0.011939953348835608,
        "a80p|M": 0.0076950001270527455
      },
      "coverage": "national"
    },
    "IND": {
      "shares": {
        "a00_04|F": 0.037725736935987034,
        "a00_04|M": 0.04060862605007679,
        "a05_14|F": 0.08022386975480994,
        "a05_14|M": 0.08768079449238647,
        "a15_19|F": 0.04179782064401648,
        "a15_19|M": 0.04599140800573758,
        "a20_34|F": 0.12262940371382057,
        "a20_34|M": 0.13457537202997058,
        "a35_49|F": 0.09900633011608828,
        "a35_49|M": 0.10613370822407833,
        "a50_64|F": 0.0653916827492529,
        "a50_64|M": 0.06677007523982839,
        "a65_79|F": 0.0313694535974339,
        "a65_79|M": 0.029381959032960432,
        "a80p|F": 0.006103433417817292,
        "a80p|M": 0.004610325995735034
      },
      "coverage": "national"
    },
    "CHN": {
      "shares": {
        "a00_04|F": 0.017342590193113853,
        "a00_04|M": 0.019264731467389225,
        "a05_14|F": 0.05735172239205928,
        "a05_14|M": 0.06611907951959338,
        "a15_19|F": 0.026952033234764302,
        "a15_19|M": 0.031612614866560876,
        "a20_34|F": 0.08882249442951258,
        "a20_34|M": 0.10140185816029515,
        "a35_49|F": 0.10684373115693588,
        "a35_49|M": 0.1131220455388648,
        "a50_64|F": 0.11265682436711569,
        "a50_64|M": 0.11185758591306275,
        "a65_79|F": 0.06520007953668452,
        "a65_79|M": 0.056274965883904945,
        "a80p|F": 0.015415401277819266,
        "a80p|M": 0.009762242062323493
      },
      "coverage": "national"
    },
    "NER": {
      "shares": {
        "a00_04|F": 0.08766,
        "a00_04|M": 0.09234,
        "a05_14|F": 0.1461,
        "a05_14|M": 0.1539,
        "a15_19|F": 0.05357,
        "a15_19|M": 0.05643,
        "a20_34|F": 0.1089,
        "a20_34|M": 0.1111,
        "a35_49|F": 0.05522,
        "a35_49|M": 0.05478,
        "a50_64|F": 0.028325,
        "a50_64|M": 0.026675,
        "a65_79|F": 0.0111,
        "a65_79|M": 0.0089,
        "a80p|F": 0.00315,
        "a80p|M": 0.00185
      },
      "coverage": "national"
    },
    "IDN": {
      "shares": {
        "a00_04|F": 0.03812705142550107,
        "a00_04|M": 0.0402632516989709,
        "a05_14|F": 0.08161143141143859,
        "a05_14|M": 0.08597623448049903,
        "a15_19|F": 0.04010193971818899,
        "a15_19|M": 0.04221879172543122,
        "a20_34|F": 0.11201882092103017,
        "a20_34|M": 0.11749635212868126,
        "a35_49|F": 0.10538873624649131,
        "a35_49|M": 0.10845750531469711,
        "a50_64|F": 0.07905592228505895,
        "a50_64|M": 0.0763979502436176,
        "a65_79|F": 0.03450594844190423,
        "a65_79|M": 0.027776303974109545,
        "a80p|F": 0.0068480692615583046,
        "a80p|M": 0.0037556907228217013
      },
      "coverage": "national"
    },
    "PAK": {
      "shares": {
        "a00_04|F": 0.062216675341825865,
        "a00_04|M": 0.06509035466047079,
        "a05_14|F": 0.11711846981749022,
        "a05_14|M": 0.12242380047875671,
        "a15_19|F": 0.05141562058128231,
        "a15_19|M": 0.054107124740543175,
        "a20_34|F": 0.1192901887475536,
        "a20_34|M": 0.1251778272323141,
        "a35_49|F": 0.07555283226078628,
        "a35_49|M": 0.07727108926107622,
        "a50_64|F": 0.04424954826530167,
        "a50_64|M": 0.0432801774275812,
        "a65_79|F": 0.019908391942594278,
        "a65_79|M": 0.017408976614416562,
        "a80p|F": 0.003089300683151077,
        "a80p|M": 0.0023996219448559155
      },
      "coverage": "national"
    },
    "NGA": {
      "shares": {
        "a00_04|F": 0.07179105320421443,
        "a00_04|M": 0.0735981743057094,
        "a05_14|F": 0.13032417327766002,
        "a05_14|M": 0.13442505056988674,
        "a15_19|F": 0.054953999145287764,
        "a15_19|M": 0.05707559576342703,
        "a20_34|F": 0.11497020229299892,
        "a20_34|M": 0.11899249508812511,
        "a35_49|F": 0.06997468762619424,
        "a35_49|M": 0.07157705496171363,
        "a50_64|F": 0.03623724775284332,
        "a50_64|M": 0.035593637068495956,
        "a65_79|F": 0.014199374116706062,
        "a65_79|M": 0.012911770247587925,
        "a80p|F": 0.0018159057179605795,
        "a80p|M": 0.0015595788611888815
      },
      "coverage": "national"
    },
    "BGD": {
      "shares": {
        "a00_04|F": 0.04697163466284871,
        "a00_04|M": 0.04921284058326815,
        "a05_14|F": 0.0884196582594389,
        "a05_14|M": 0.09528517890384819,
        "a15_19|F": 0.048705132590236365,
        "a15_19|M": 0.049683674222807464,
        "a20_34|F": 0.13829561495085643,
        "a20_34|M": 0.11727205376580344,
        "a35_49|F": 0.09758133337258916,
        "a35_49|M": 0.09263300255213738,
        "a50_64|F": 0.0551231887166322,
        "a50_64|M": 0.055832063592818636,
        "a65_79|F": 0.027007306566720266,
        "a65_79|M": 0.027067722890270596,
        "a80p|F": 0.006178609055021807,
        "a80p|M": 0.004730985314702297
      },
      "coverage": "national"
    },
    "RUS": {
      "shares": {
        "a00_04|F": 0.02318531436528174,
        "a00_04|M": 0.024488881263370517,
        "a05_14|F": 0.0608605575359862,
        "a05_14|M": 0.0642486565534196,
        "a15_19|F": 0.02681155692938627,
        "a15_19|M": 0.028038663698282833,
        "a20_34|F": 0.08353075266766502,
        "a20_34|M": 0.08587971781096425,
        "a35_49|F": 0.12266086121877516,
        "a35_49|M": 0.11718355964533915,
        "a50_64|F": 0.10536612986806887,