{
  "table": "age_sex",
  "source_id": "wpp",
  "year": 2024,
  "data": {
    "FRA": {
      "shares": {
        "a00_04|F": 0.02435,
        "a00_04|M": 0.02565,
        "a05_14|F": 0.056005,
        "a05_14|M": 0.058995,
        "a15_19|F": 0.02922,
        "a15_19|M": 0.03078,
        "a20_34|F": 0.0891,
        "a20_34|M": 0.0909,
        "a35_49|F": 0.09287,
        "a35_49|M": 0.09213,
        "a50_64|F": 0.09785,
        "a50_64|M": 0.09215,
        "a65_79|F": 0.0777,
        "a65_79|M": 0.0623,
        "a80p|F": 0.0504,
        "a80p|M": 0.0296
      },
      "coverage": "national"
    },
    "AUT": {
      "shares": {
        "a00_04|F": 0.021915,
        "a00_04|M": 0.023085,
        "a05_14|F": 0.0487,
        "a05_14|M": 0.0513,
        "a15_19|F": 0.026785,
        "a15_19|M": 0.028215,
        "a20_34|F": 0.091575,
        "a20_34|M": 0.093425,
        "a35_49|F": 0.1004,
        "a35_49|M": 0.0996,
        "a50_64|F": 0.103,
        "a50_64|M": 0.097,
        "a65_79|F": 0.080475,
        "a65_79|M": 0.064525,
        "a80p|F": 0.0441,
        "a80p|M": 0.0259
      },
      "coverage": "national"
    },
    "USA": {
      "shares": {
        "a00_04|F": 0.0262239365520968,
        "a00_04|M": 0.02747523434275059,
        "a05_14|F": 0.05816570042598671,
        "a05_14|M": 0.06138089981389237,
        "a15_19|F": 0.0319627695216592,
        "a15_19|M": 0.0339496649797708,
        "a20_34|F": 0.09735476571751345,
        "a20_34|M": 0.10408225529316663,
        "a35_49|F": 0.09559907650090155,
        "a35_49|M": 0.10110074741312375,
        "a50_64|F": 0.09116648188490671,
        "a50_64|M": 0.0922511668303516,
        "a65_79|F": 0.07292899731940347,
        "a65_79|M": 0.06565761381776569,
        "a80p|F": 0.024171588883755906,
        "a80p|M": 0.016529100702954796
      },
      "coverage": "national"
    },
    "BRA": {
      "shares": {
        "a00_04|F": 0.02922,
        "a00_04|M": 0.03078,
        "a05_14|F": 0.06818,
        "a05_14|M": 0.07182,
        "a15_19|F": 0.03896,
        "a15_19|M": 0.04104,
        "a20_34|F": 0.1188,
        "a20_34|M": 0.1212,
        "a35_49|F": 0.10542,
        "a35_49|M": 0.10458,
        "a50_64|F": 0.0824,
        "a50_64|M": 0.0776,
        "a65_79|F": 0.0444,
        "a65_79|M": 0.0356,
        "a80p|F": 0.0189,
        "a80p|M": 0.0111
      },
      "coverage": "national"
    },
    "IND": {
      "shares": {
        "a00_04|F": 0.037725736935987034,
        "a00_04|M": 0.04060862605007679,
        "a05_14|F": 0.08022386975480994,
        "a05_14|M": 0.08768079449238647,
        "a15_19|F": 0.04179782064401648,
        "a15_19|M": 0.04599140800573758,
        "a20_34|F": 0.12262940371382057,
        "a20_34|M": 0.13457537202997058,
        "a35_49|F": 0.09900633011608828,
        "a35_49|M": 0.10613370822407833,
        "a50_64|F": 0.0653916827492529,
        "a50_64|M": 0.06677007523982839,
        "a65_79|F": 0.0313694535974339,
        "a65_79|M": 0.029381959032960432,
        "a80p|F": 0.006103433417817292,
        "a80p|M": 0.004610325995735034
      },
      "coverage": "national"
    },
    "CHN": {
      "shares": {
        "a00_04|F": 0.017342590193113853,
        "a00_04|M": 0.019264731467389225,
        "a05_14|F": 0.05735172239205928,
        "a05_14|M": 0.06611907951959338,
        "a15_19|F": 0.026952033234764302,
        "a15_19|M": 0.031612614866560876,
        "a20_34|F": 0.08882249442951258,
        "a20_34|M": 0.10140185816029515,
        "a35_49|F": 0.10684373115693588,
        "a35_49|M": 0.1131220455388648,
        "a50_64|F": 0.11265682436711569,
        "a50_64|M": 0.11185758591306275,
        "a65_79|F": 0.06520007953668452,
        "a65_79|M": 0.056274965883904945,
        "a80p|F": 0.015415401277819266,
        "a80p|M": 0.009762242062323493
      },
      "coverage": "national"
    },
    "NER": {
      "shares": {
        "a00_04|F": 0.08766,
        "a00_04|M": 0.09234,
        "a05_14|F": 0.1461,
        "a05_14|M": 0.1539,
        "a15_19|F": 0.05357,
        "a15_19|M": 0.05643,
        "a20_34|F": 0.1089,
        "a20_34|M": 0.1111,
        "a35_49|F": 0.05522,
        "a35_49|M": 0.05478,
        "a50_64|F": 0.028325,
        "a50_64|M": 0.026675,
        "a65_79|F": 0.0111,
        "a65_79|M": 0.0089,
        "a80p|F": 0.00315,
        "a80p|M": 0.00185
      },
      "coverage": "national"
    }
  }
}