{
  "table": "settlement",
  "source_id": "wup",
  "year": 2024,
  "data": {
    "FRA": {
      "shares": {
        "grande": 0.3,
        "ville": 0.51,
        "rural": 0.19
      },
      "coverage": "national"
    },
    "AUT": {
      "shares": {
        "grande": 0.28,
        "ville": 0.31,
        "rural": 0.41
      },
      "coverage": "national"
    },
    "USA": {
      "shares": {
        "grande": 0.46861194906008596,
        "ville": 0.3326358489870981,
        "rural": 0.19875220195281595
      },
      "coverage": "national"
    },
    "BRA": {
      "shares": {
        "grande": 0.45,
        "ville": 0.42,
        "rural": 0.13
      },
      "coverage": "national"
    },
    "IND": {
      "shares": {
        "grande": 0.16711134049073798,
        "ville": 0.18667763187765105,
        "rural": 0.646211027631611
      },
      "coverage": "national"
    },
    "CHN": {
      "shares": {
        "grande": 0.320103496513423,
        "ville": 0.3388434844849019,
        "rural": 0.34105301900167506
      },
      "coverage": "national"
    },
    "NER": {
      "shares": {
        "grande": 0.05,
        "ville": 0.12,
        "rural": 0.83
      },
      "coverage": "national"
    }
  }
}